{
  "name": "backbone",
  "main": "backbone.js",
  "dependencies": {
    "underscore": ">=1.7.0"
  },
  "ignore": [
    "docs",
    "examples",
    "test",
    "*.yml",
    "*.html",
    "*.ico",
    "*.md",
    "CNAME",
    ".*",
    "karma.*",
    "component.json",
    "package.json"
  ],
  "homepage": "https://github.com/jashkenas/backbone",
  "version": "1.2.2",
  "_release": "1.2.2",
  "_resolution": {
    "type": "version",
    "tag": "1.2.2",
    "commit": "00f8b6fe797321131f76a72e95560ad2354c5dc9"
  },
  "_source": "git://github.com/jashkenas/backbone.git",
  "_target": "~1.2.1",
  "_originalSource": "backbone"
}