{
  "name": "animate.css",
  "main": "./animate.css",
  "ignore": [
    ".*",
    "source",
    "*.yml",
    "Gemfile",
    "Gemfile.lock",
    "*.md"
  ],
  "homepage": "https://github.com/daneden/animate.css",
  "version": "3.5.1",
  "_release": "3.5.1",
  "_resolution": {
    "type": "version",
    "tag": "3.5.1",
    "commit": "c7084f820bf65063b4e3fb6293ffe5df9eed1398"
  },
  "_source": "git://github.com/daneden/animate.css.git",
  "_target": "^3.5.1",
  "_originalSource": "animate.css",
  "_direct": true
}